City_ID,City,Country,Date,Lat,Lng,Max Temp,Humidity,Cloudiness,Wind Speed
0,Ushuaia,AR,2021-01-11 19:42:19,-54.8,-68.3,44.6,70,75,9.22
1,Jamestown,US,2021-01-11 19:44:40,42.097,-79.2353,37.0,64,90,13.8
2,Sur,OM,2021-01-11 19:44:40,22.5667,59.5289,65.79,48,0,10.11
3,Souillac,MU,2021-01-11 19:44:40,-20.5167,57.5167,77.0,100,75,16.11
4,Punta Arenas,CL,2021-01-11 19:43:27,-53.15,-70.9167,48.2,61,75,27.63
5,Qaqortoq,GL,2021-01-11 19:44:41,60.7167,-46.0333,42.8,36,75,25.32
6,Calvinia,ZA,2021-01-11 19:44:41,-31.4707,19.776,76.1,32,3,6.06
7,Tasiilaq,GL,2021-01-11 19:44:41,65.6145,-37.6368,17.6,67,90,1.5
8,Dikson,RU,2021-01-11 19:44:41,73.5069,80.5464,2.73,95,100,4.52
9,Tonstad,NO,2021-01-11 19:44:41,58.6626,6.7169,36.0,95,5,3.0
10,Cesme,TR,2021-01-11 19:44:41,38.3228,26.3064,64.4,82,20,16.11
11,Clyde River,CA,2021-01-11 19:44:41,70.4692,-68.5914,5.0,85,90,14.97
12,Mahebourg,MU,2021-01-11 19:44:41,-20.4081,57.7,77.0,100,75,16.11
13,Umarkhed,IN,2021-01-11 19:44:41,19.6,77.7,70.2,47,71,0.78
14,Qaanaaq,GL,2021-01-11 19:44:42,77.484,-69.3632,0.99,74,0,6.51
15,Ramjibanpur,IN,2021-01-11 19:44:42,22.8333,87.6167,65.1,53,42,6.58
16,Port Hawkesbury,CA,2021-01-11 19:44:42,45.6169,-61.3485,30.0,69,1,9.22
17,East London,ZA,2021-01-11 19:44:42,-33.0153,27.9116,73.58,86,100,15.95
18,Ponta Delgada,PT,2021-01-11 19:44:42,37.7333,-25.6667,59.0,100,75,4.61
19,Hithadhoo,MV,2021-01-11 19:44:42,-0.6,73.0833,80.87,78,58,16.64
20,Balkanabat,TM,2021-01-11 19:44:42,39.5108,54.3671,43.34,76,0,6.31
21,Husavik,IS,2021-01-11 19:44:42,66.0449,-17.3389,14.0,85,0,4.61
22,Troitsko-Pechorsk,RU,2021-01-11 19:44:42,62.7084,56.1964,-13.56,85,24,3.24
23,Puerto Colombia,CO,2021-01-11 19:44:42,10.9878,-74.9547,89.6,62,20,14.97
24,Marsa Matruh,EG,2021-01-11 19:44:43,31.3525,27.2453,60.8,94,0,4.61
25,Kati,ML,2021-01-11 19:44:43,12.7441,-8.0726,78.8,27,0,3.44
26,Upernavik,GL,2021-01-11 19:44:43,72.7868,-56.1549,26.56,97,100,14.94
27,North Augusta,US,2021-01-11 19:44:43,33.5018,-81.9651,51.8,50,90,6.91
28,Malindi,KE,2021-01-11 19:44:43,-3.2175,40.1191,78.03,78,0,13.27
29,Hermanus,ZA,2021-01-11 19:44:43,-34.4187,19.2345,70.0,80,100,7.0
30,Sokoto,NG,2021-01-11 19:44:43,13.0609,5.239,77.45,17,0,9.33
31,Rokytnice Nad Jizerou,CZ,2021-01-11 19:44:43,50.7256,15.4336,28.0,93,82,1.01
32,Port Alfred,ZA,2021-01-11 19:44:43,-33.5906,26.891,73.18,87,100,19.64
33,Damghan,IR,2021-01-11 19:44:43,36.1683,54.348,33.58,76,0,1.34
34,Sorkjosen,NO,2021-01-11 19:44:43,69.8,20.9333,19.4,58,20,12.66
35,Bridlington,GB,2021-01-11 19:44:44,54.0831,-0.1919,46.99,85,100,11.99
36,Arraial Do Cabo,BR,2021-01-11 19:44:44,-22.9661,-42.0278,84.2,65,40,18.41
37,Richards Bay,ZA,2021-01-11 19:44:44,-28.783,32.0377,74.55,87,37,1.19
38,Saint-Georges,GD,2021-01-11 19:44:44,12.0564,-61.7485,84.2,65,40,23.02
39,Verkhnyaya Inta,RU,2021-01-11 19:44:44,65.9811,60.3094,-15.12,76,48,1.74
40,Harper,LR,2021-01-11 19:44:44,4.375,-7.7169,78.73,85,97,7.7
41,Cape Town,ZA,2021-01-11 19:40:21,-33.9258,18.4232,73.4,60,0,17.27
42,Sao Lourenco,BR,2021-01-11 19:42:05,-22.1164,-45.0544,75.99,82,94,1.54
43,Chuy,UY,2021-01-11 19:44:44,-33.6971,-53.4616,74.3,86,100,11.54
44,Karasjok,NO,2021-01-11 19:44:44,69.4719,25.5112,10.4,67,0,26.46
45,Esmeraldas,BR,2021-01-11 19:44:45,-19.7625,-44.3139,89.6,51,0,5.75
46,San Julian,MX,2021-01-11 19:44:45,21.0167,-102.1667,69.04,24,0,11.92
47,Nanortalik,GL,2021-01-11 19:44:45,60.1432,-45.2371,30.56,95,100,6.29
48,Huambo,AO,2021-01-11 19:44:45,-12.7761,15.7392,61.11,69,99,1.14
49,San Andres,CO,2021-01-11 19:44:45,12.5847,-81.7006,82.4,78,90,12.66
50,Ribeira Grande,PT,2021-01-11 19:44:45,38.5167,-28.7,62.6,94,75,10.36
51,Tazovskiy,RU,2021-01-11 19:44:45,67.4667,78.7,-1.84,92,100,16.89
52,Golovino,RU,2021-01-11 19:44:45,55.9613,40.4251,1.56,94,89,4.59
53,Satana,IN,2021-01-11 19:44:45,20.5833,74.2,72.41,57,0,1.57
54,Gniezno,PL,2021-01-11 19:44:45,52.5348,17.5826,33.01,73,32,13.62
55,Escanaba,US,2021-01-11 19:44:45,45.7453,-87.0646,28.99,86,90,9.22
56,Takoradi,GH,2021-01-11 19:44:46,4.8845,-1.7554,79.68,85,0,10.45
57,Wielun,PL,2021-01-11 19:44:46,51.221,18.5696,26.01,72,89,9.01
58,Aquiraz,BR,2021-01-11 19:44:46,-3.9014,-38.3911,86.0,62,0,10.36
59,Bredasdorp,ZA,2021-01-11 19:44:46,-34.5322,20.0403,68.0,83,100,16.11
60,Luderitz,NA,2021-01-11 19:44:46,-26.6481,15.1594,69.04,65,0,20.29
61,Georgetown,MY,2021-01-11 19:44:46,5.4112,100.3354,80.01,78,20,8.61
62,Hammerfest,NO,2021-01-11 19:44:46,70.6634,23.6821,21.2,68,0,14.97
63,Praia Da Vitoria,PT,2021-01-11 19:44:46,38.7333,-27.0667,62.6,94,40,9.53
64,Morondava,MG,2021-01-11 19:44:46,-20.2833,44.2833,83.82,75,0,6.26
65,Kavaratti,IN,2021-01-11 19:44:47,10.5669,72.642,82.15,74,100,6.91
66,Bijar,IR,2021-01-11 19:44:47,35.8668,47.6051,31.96,72,0,3.94
67,Busselton,AU,2021-01-11 19:44:47,-33.65,115.3333,55.0,78,100,9.71
68,Ponta Do Sol,PT,2021-01-11 19:44:47,32.6667,-17.1,59.0,58,75,10.36
69,Pisco,PE,2021-01-11 19:44:19,-13.7,-76.2167,73.4,73,0,8.05
70,Taoudenni,ML,2021-01-11 19:44:47,22.6783,-3.9836,63.34,28,100,9.86
71,Hryshkivtsi,UA,2021-01-11 19:44:47,49.9353,28.6038,27.43,94,93,3.69
72,Albion,US,2021-01-11 19:41:42,42.2431,-84.753,26.01,86,90,10.36
73,Horta,PT,2021-01-11 19:44:48,38.5333,-28.6333,62.6,94,75,10.36
74,Touros,BR,2021-01-11 19:44:48,-5.1989,-35.4608,84.2,61,40,18.41
75,Rocha,UY,2021-01-11 19:44:48,-34.4833,-54.3333,83.62,56,99,5.77
76,Fort Beaufort,ZA,2021-01-11 19:44:48,-32.7748,26.6338,69.76,84,98,2.42
77,Saint Andrews,US,2021-01-11 19:44:48,34.0454,-81.1293,48.99,61,90,3.44
78,Diplo,PK,2021-01-11 19:44:48,24.4667,69.584,60.01,28,0,9.66
79,Buraydah,SA,2021-01-11 19:44:48,26.326,43.975,55.4,67,0,4.61
80,Bengkulu,ID,2021-01-11 19:44:48,-3.8004,102.2655,75.36,94,100,7.45
81,Bandarbeyla,SO,2021-01-11 19:44:48,9.4942,50.8122,72.63,71,1,23.33
82,Chapais,CA,2021-01-11 19:44:48,49.7834,-74.8492,14.0,92,90,11.5
83,Salalah,OM,2021-01-11 19:44:48,17.0151,54.0924,71.6,24,0,9.22
84,Dzerzhinsk,RU,2021-01-11 19:44:49,56.2389,43.4631,-0.4,85,75,2.24
85,Cidreira,BR,2021-01-11 19:44:49,-30.1811,-50.2056,79.39,81,0,24.38
86,Krasnoselkup,RU,2021-01-11 19:44:49,65.7,82.4667,1.62,93,100,16.67
87,Yar-Sale,RU,2021-01-11 19:44:49,66.8333,70.8333,-8.7,81,100,10.31
88,Longyearbyen,SJ,2021-01-11 19:44:49,78.2186,15.6401,15.8,79,0,9.22
89,Rio Gallegos,AR,2021-01-11 19:44:49,-51.6226,-69.2181,55.4,33,40,24.16
90,Osmaniye,TR,2021-01-11 19:44:49,37.0742,36.2478,61.0,61,100,5.5
91,Sao Filipe,CV,2021-01-11 19:44:49,14.8961,-24.4956,70.86,70,90,18.23
92,Atar,MR,2021-01-11 19:44:49,20.5169,-13.0499,62.51,37,100,11.5
93,Lagoa,PT,2021-01-11 19:44:49,39.05,-27.9833,61.84,93,100,14.97
94,Bambous Virieux,MU,2021-01-11 19:44:50,-20.3428,57.7575,79.0,100,75,16.11
95,Rincon,US,2021-01-11 19:44:50,32.296,-81.2354,57.99,67,90,3.44
96,Havelock,US,2021-01-11 19:44:50,34.8791,-76.9013,53.01,62,40,4.61
97,Saint-Philippe,RE,2021-01-11 19:44:50,-21.3585,55.7679,78.8,89,90,2.3
98,Springbok,ZA,2021-01-11 19:44:50,-29.6643,17.8865,70.2,41,0,5.03
99,Bonthe,SL,2021-01-11 19:44:50,7.5264,-12.505,78.87,82,48,7.67
100,Visnes,NO,2021-01-11 19:44:50,59.3556,5.2242,30.2,86,14,3.44
101,Codrington,AU,2021-01-11 19:44:50,-38.2667,141.9667,58.05,71,100,12.44
102,Tchibanga,GA,2021-01-11 19:44:50,-2.85,11.0333,73.06,98,100,2.35
103,Sabha,LY,2021-01-11 19:44:50,27.0377,14.4283,68.86,22,91,8.81
104,Jibuti,DJ,2021-01-11 19:44:51,11.5,42.5,66.45,82,0,17.56
105,Fredericton,CA,2021-01-11 19:44:51,45.9454,-66.6656,30.2,47,1,6.91
106,Iranshahr,IR,2021-01-11 19:44:51,27.2025,60.6848,44.6,13,0,6.91
107,Victoria,HK,2021-01-11 19:42:17,22.2855,114.1577,50.0,32,10,4.0
108,Plettenberg Bay,ZA,2021-01-11 19:44:51,-34.0527,23.3716,69.82,90,61,10.58
109,Los Llanos De Aridane,ES,2021-01-11 19:44:51,28.6585,-17.9182,60.8,67,75,5.75
110,Kaniama,CD,2021-01-11 19:44:51,-7.5667,24.1833,66.47,96,39,0.65
111,Trinidad,BO,2021-01-11 19:44:51,-14.8333,-64.9,87.8,66,75,6.91
112,Lodwar,KE,2021-01-11 19:44:51,3.1191,35.5973,84.47,41,0,16.06
113,Floriano,BR,2021-01-11 19:44:51,-6.7669,-43.0225,79.5,81,100,2.35
114,Guane,CU,2021-01-11 19:44:52,22.2025,-84.0875,75.69,75,100,4.61
115,Jalu,LY,2021-01-11 19:44:52,29.0331,21.5482,67.08,39,86,10.4
116,Hatten,DE,2021-01-11 19:44:52,53.0167,8.35,41.0,81,75,18.41
117,Torbay,CA,2021-01-11 19:41:54,47.6666,-52.7314,27.0,86,90,14.97
118,Saint-Joseph,RE,2021-01-11 19:44:52,-21.3667,55.6167,78.8,89,90,2.3
119,Saldanha,ZA,2021-01-11 19:44:52,-33.0117,17.9442,75.2,50,0,5.75
120,Taltal,CL,2021-01-11 19:44:52,-25.4,-70.4833,70.38,57,100,7.72
121,Pangnirtung,CA,2021-01-11 19:44:52,66.1451,-65.7125,1.4,92,90,1.03
122,Hamilton,US,2021-01-11 19:44:21,39.1834,-84.5333,32.0,59,90,5.75
123,Beloha,MG,2021-01-11 19:44:52,-25.1667,45.05,75.7,80,0,13.82
124,Lahij,YE,2021-01-11 19:44:52,13.1667,44.5833,67.59,76,43,8.84
125,Okitipupa,NG,2021-01-11 19:44:53,6.5047,4.7839,77.47,85,0,3.96
126,Carutapera,BR,2021-01-11 19:44:53,-1.195,-46.02,83.89,67,66,8.7
127,Khomutovo,RU,2021-01-11 19:44:53,52.4658,104.4025,3.2,85,90,6.71
128,Elizabeth City,US,2021-01-11 19:44:17,36.2946,-76.2511,48.2,61,20,4.61
129,Lupiro,TZ,2021-01-11 19:44:53,-8.3833,36.6667,71.85,94,100,3.76
130,Raudeberg,NO,2021-01-11 19:44:53,61.9875,5.1352,28.4,93,20,9.22
131,Sao Joao Da Barra,BR,2021-01-11 19:44:53,-21.6403,-41.0511,86.0,54,0,18.41
132,Ostrovnoy,RU,2021-01-11 19:44:53,68.0531,39.5131,4.59,91,1,17.02
133,Nalut,LY,2021-01-11 19:44:53,30.3333,10.85,59.18,31,54,10.29
134,Mirabad,AF,2021-01-11 19:44:53,30.4362,61.8383,37.78,54,0,1.43
135,Linda,US,2021-01-11 19:44:54,39.1277,-121.5508,55.99,76,1,9.22
136,Senanga,ZM,2021-01-11 19:44:54,-16.1167,23.2667,70.57,90,100,5.19
137,Dingle,PH,2021-01-11 19:44:54,10.9995,122.6711,74.12,89,100,12.86
138,Hobyo,SO,2021-01-11 19:44:54,5.3505,48.5268,75.47,73,5,21.94
139,Talcahuano,CL,2021-01-11 19:44:54,-36.7167,-73.1167,64.4,45,0,18.41
140,Teguise,ES,2021-01-11 19:44:54,29.0605,-13.564,59.0,77,20,11.5
141,Bangalore,IN,2021-01-11 19:43:01,12.9762,77.6033,66.2,100,40,3.44
142,Ekuvukeni,ZA,2021-01-11 19:44:54,-28.4675,30.1551,65.73,90,6,4.43
143,Kralendijk,BQ,2021-01-11 19:44:25,12.15,-68.2667,82.4,69,0,21.85
144,Mega,ET,2021-01-11 19:44:54,4.05,38.3,62.67,50,0,8.21
145,Araouane,ML,2021-01-11 19:44:54,18.9048,-3.5265,68.07,24,0,12.17
146,Paamiut,GL,2021-01-11 19:44:54,61.994,-49.6678,28.06,98,100,15.9
147,Vallenar,CL,2021-01-11 19:44:55,-28.5708,-70.7581,88.14,16,0,10.09
148,Mount Pleasant,US,2021-01-11 19:44:55,32.7941,-79.8626,55.99,93,75,6.91
149,Vila Velha,BR,2021-01-11 19:43:39,-20.3297,-40.2925,82.4,69,40,18.41
150,Oistins,BB,2021-01-11 19:42:12,13.0667,-59.5333,82.4,65,40,16.11
151,Nazilli,TR,2021-01-11 19:44:55,37.9163,28.3223,66.2,59,0,8.05
152,Port Elizabeth,ZA,2021-01-11 19:42:34,-33.918,25.5701,66.2,100,90,16.11
153,Rawson,AR,2021-01-11 19:44:55,-43.3002,-65.1023,63.7,30,85,15.73
154,Edd,ER,2021-01-11 19:44:55,13.9297,41.6925,75.94,62,0,19.69
155,Los Andes,CL,2021-01-11 19:44:55,-32.8337,-70.5983,84.0,44,0,3.0
156,Moose Factory,CA,2021-01-11 19:44:55,51.2585,-80.6094,33.8,86,90,12.66
157,Tomaszow Lubelski,PL,2021-01-11 19:44:55,50.4477,23.4162,30.99,82,0,5.23
158,Saint Anthony,US,2021-01-11 19:44:56,45.0205,-93.218,35.01,69,1,9.22
159,Saint George,US,2021-01-11 19:44:56,37.1041,-113.5841,48.99,41,1,2.06
160,Progreso,MX,2021-01-11 19:44:56,21.2833,-89.6667,79.0,69,90,4.61
161,Inhambane,MZ,2021-01-11 19:44:56,-23.865,35.3833,77.83,84,40,8.32
162,Dharmabad,IN,2021-01-11 19:44:57,18.9,77.85,69.94,47,24,1.14
163,Kruisfontein,ZA,2021-01-11 19:44:57,-34.0033,24.7314,68.0,93,100,4.0
164,Penzance,GB,2021-01-11 19:44:57,50.1186,-5.5371,48.2,87,90,17.27
165,Castro,BR,2021-01-11 19:44:57,-24.7911,-50.0119,78.03,78,66,3.38
166,Mehamn,NO,2021-01-11 19:44:57,71.0357,27.8492,23.0,62,0,2.3
167,Bonavista,CA,2021-01-11 19:44:57,48.6499,-53.1147,26.01,93,54,2.3
168,Dustlik,UZ,2021-01-11 19:44:57,40.5247,68.0358,37.56,66,0,9.37
169,Cockburn Town,TC,2021-01-11 19:44:18,21.4612,-71.1419,80.6,65,75,11.5
170,Divnomorskoye,RU,2021-01-11 19:44:57,44.5011,38.1353,38.26,77,100,7.34
171,Oloron-Sainte-Marie,FR,2021-01-11 19:44:57,43.1944,-0.6107,28.4,93,0,3.44
172,Temiscaming,CA,2021-01-11 19:44:58,46.7212,-79.0971,32.0,80,100,5.75
173,Foso,GH,2021-01-11 19:44:58,5.7012,-1.2866,76.69,89,6,5.88
174,Akdepe,TM,2021-01-11 19:44:58,42.0551,59.3788,33.8,80,90,6.91
175,Svolvaer,NO,2021-01-11 19:44:58,68.2342,14.5683,28.4,59,0,19.57
176,Lasa,IT,2021-01-11 19:44:58,46.6166,10.7002,23.0,45,0,11.5
177,Kedrovyy,RU,2021-01-11 19:44:58,56.1667,91.8167,-9.4,77,96,6.71
178,Oranjemund,NA,2021-01-11 19:44:58,-28.55,16.4333,64.2,87,0,8.68
179,Veraval,IN,2021-01-11 19:44:58,20.9,70.3667,71.73,38,0,11.83
180,Tiznit,MA,2021-01-11 19:44:58,29.5833,-9.5,49.33,81,55,5.68
181,Adrar,MR,2021-01-11 19:44:58,20.5022,-10.0711,60.66,32,100,11.32
182,Vilhena,BR,2021-01-11 19:42:11,-12.7406,-60.1458,86.0,62,75,9.22
183,Ribas Do Rio Pardo,BR,2021-01-11 19:44:58,-20.4431,-53.7592,92.89,41,53,3.98
184,Kabalo,CD,2021-01-11 19:44:59,-6.05,26.9167,69.85,91,96,0.83
185,Kannur,IN,2021-01-11 19:44:59,11.8675,75.3576,76.8,85,100,3.71
186,Eregli,TR,2021-01-11 19:41:23,37.5133,34.0467,54.86,63,100,3.44
187,Ongandjera,NA,2021-01-11 19:44:59,-17.8833,15.0667,78.19,41,100,6.73
188,Lebu,CL,2021-01-11 19:40:23,-37.6167,-73.65,58.41,55,0,16.58
189,Duzce,TR,2021-01-11 19:41:18,40.8389,31.1639,60.19,61,97,4.88
190,Goundi,TD,2021-01-11 19:45:00,9.3627,17.366,76.26,17,0,3.96
191,La Tuque,CA,2021-01-11 19:45:00,47.4334,-72.7824,21.2,86,100,2.3
192,Olafsvik,IS,2021-01-11 19:45:00,64.8945,-23.7142,30.04,89,4,6.69
193,Andenes,NO,2021-01-11 19:45:00,69.3143,16.1194,28.0,68,20,19.57
194,Wakefield,GB,2021-01-11 19:45:01,53.6809,-1.499,46.99,93,100,13.31
195,Arlit,NE,2021-01-11 19:45:01,18.7369,7.3853,77.05,16,0,7.76
196,Sinnamary,GF,2021-01-11 19:45:03,5.3833,-52.95,79.56,82,23,14.09
197,Keti Bandar,PK,2021-01-11 19:45:03,24.1447,67.4497,60.67,31,0,6.89
198,Yangambi,CD,2021-01-11 19:45:04,0.8102,24.4336,78.35,63,95,1.99
199,Roald,NO,2021-01-11 19:45:04,62.5833,6.1333,28.4,93,75,5.75
200,Kiruna,SE,2021-01-11 19:45:06,67.8557,20.2251,-4.0,77,75,2.3
201,Natal,BR,2021-01-11 19:42:21,-5.795,-35.2094,84.2,61,40,12.66
202,Bubaque,GW,2021-01-11 19:45:07,11.2833,-15.8333,80.24,67,2,18.7
203,Chabahar,IR,2021-01-11 19:41:12,25.2919,60.643,65.03,45,0,8.75
204,Summerside,CA,2021-01-11 19:41:11,46.3959,-63.7876,28.99,68,0,8.05
205,Sassandra,CI,2021-01-11 19:45:07,4.95,-6.0833,78.3,88,13,7.58
206,Westport,US,2021-01-11 19:45:08,41.1415,-73.3579,36.0,69,90,6.91
207,Caravelas,BR,2021-01-11 19:45:08,-17.7125,-39.2481,81.16,72,0,10.09
208,Margate,GB,2021-01-11 19:41:29,51.3813,1.3862,45.0,82,100,1.99
209,Kibala,TD,2021-01-11 19:45:09,9.1104,18.3463,73.4,49,0,4.41
210,Aksum,ET,2021-01-11 19:45:10,14.1245,38.7244,49.89,64,12,2.98
211,Narsaq,GL,2021-01-11 19:45:11,60.9167,-46.05,42.8,36,75,25.32
212,Buta,CD,2021-01-11 19:45:11,2.7858,24.73,74.53,53,0,2.04
213,Youghal,IE,2021-01-11 19:43:25,51.95,-7.8506,48.99,87,75,20.71
214,Camacha,PT,2021-01-11 19:45:12,33.0833,-16.3333,59.0,58,75,13.8
215,Ferrol,ES,2021-01-11 19:45:12,43.4832,-8.2369,50.0,76,20,2.3
216,Hambantota,LK,2021-01-11 19:45:12,6.1241,81.1185,75.2,100,40,2.3
217,Kargat,RU,2021-01-11 19:45:12,55.1956,80.2811,-24.03,86,61,9.15
218,Quelimane,MZ,2021-01-11 19:45:13,-17.8786,36.8883,86.0,74,20,8.05
219,Kestel,TR,2021-01-11 19:40:31,40.1983,29.2124,55.4,82,40,4.61
220,Mar Del Plata,AR,2021-01-11 19:45:13,-38.0023,-57.5575,77.0,38,0,10.36
221,Thompson,CA,2021-01-11 19:45:13,55.7435,-97.8558,21.2,93,75,6.91
222,Santa Isabel Do Rio Negro,BR,2021-01-11 19:45:14,-0.4139,-65.0192,83.53,65,98,3.76
223,Colares,PT,2021-01-11 19:45:14,38.7992,-9.4469,46.99,65,0,6.73
224,Saint-Pierre,RE,2021-01-11 19:45:14,-21.3393,55.4781,78.8,89,90,2.3
225,Bindura,ZW,2021-01-11 19:45:14,-17.3019,31.3306,70.0,80,98,1.01
226,Taywarah,AF,2021-01-11 19:45:14,33.35,64.4167,19.85,56,0,4.14
227,Nador,MA,2021-01-11 19:45:15,35.174,-2.9287,53.6,62,40,9.22
228,Melilla,ES,2021-01-11 19:45:15,35.2937,-2.9383,53.6,62,40,9.22
229,Port-Gentil,GA,2021-01-11 19:45:15,-0.7193,8.7815,80.6,83,20,8.05
230,Mucuri,BR,2021-01-11 19:45:15,-18.0864,-39.5508,80.53,75,0,14.79
231,Grand-Santi,GF,2021-01-11 19:45:15,4.25,-54.3833,77.83,94,95,4.05
232,Maniitsoq,GL,2021-01-11 19:45:15,65.4167,-52.9,21.06,95,100,0.85
233,Marzuq,YE,2021-01-11 19:45:16,14.4,46.4667,56.23,38,67,8.37
234,Nauta,PE,2021-01-11 19:45:16,-4.5061,-73.5757,89.71,55,94,2.68
235,Ofaqim,IL,2021-01-11 19:45:16,31.3141,34.6203,57.99,55,75,1.99
236,Talara,PE,2021-01-11 19:45:16,-4.5772,-81.2719,86.0,48,0,13.8
237,Teguldet,RU,2021-01-11 19:45:16,57.3064,88.1667,-25.31,86,0,3.71
238,Campbellton,CA,2021-01-11 19:45:17,48.0075,-66.6727,26.6,59,49,9.22
239,Paso De Los Toros,UY,2021-01-11 19:45:17,-32.8167,-56.5167,68.0,94,90,11.5
240,Sistranda,NO,2021-01-11 19:45:17,63.7256,8.834,23.0,86,75,9.22
241,Vila Franca Do Campo,PT,2021-01-11 19:45:17,37.7167,-25.4333,59.0,100,75,4.61
242,Hofn,IS,2021-01-11 19:45:17,64.2539,-15.2082,24.8,58,0,4.61
243,Bardiyah,LY,2021-01-11 19:45:17,31.7561,25.0865,67.32,51,0,11.72
244,Solone,UA,2021-01-11 19:45:18,48.2081,34.8721,28.4,80,90,4.47
245,Pangoa,PE,2021-01-11 19:45:18,-12.1167,-73.0,81.21,76,65,3.58
246,Murovane,UA,2021-01-11 19:45:18,49.5214,22.9367,23.0,83,0,1.86
247,Montepuez,MZ,2021-01-11 19:45:18,-13.1256,38.9997,70.57,98,98,3.76
248,Jumla,NP,2021-01-11 19:45:18,29.2747,82.1838,37.51,48,64,4.0
249,Alvand,IR,2021-01-11 19:45:18,36.3187,49.1678,31.17,74,18,6.13
250,Pucara,PE,2021-01-11 19:45:18,-15.9803,-71.4606,62.6,59,75,9.22
251,Luba,GQ,2021-01-11 19:45:19,3.4568,8.5547,80.6,100,20,9.22
252,Bathsheba,BB,2021-01-11 19:45:19,13.2167,-59.5167,82.4,65,40,16.11
253,Belyy Yar,RU,2021-01-11 19:45:19,53.6039,91.3903,6.8,72,75,11.18
254,Bolanos De Calatrava,ES,2021-01-11 19:45:19,38.9069,-3.6635,33.01,93,0,1.14
255,Dovers,VC,2021-01-11 19:45:20,12.8833,-61.1833,77.0,83,40,13.8
256,Vardo,NO,2021-01-11 19:45:20,70.3705,31.1107,17.6,86,75,24.16
257,Danville,US,2021-01-11 19:42:41,36.586,-79.395,46.0,57,90,4.61
258,Adre,TD,2021-01-11 19:45:21,13.4667,22.2,65.98,22,0,11.79
259,Kabo,CF,2021-01-11 19:45:21,7.6994,18.629,77.7,17,5,4.68
260,Sayyan,YE,2021-01-11 19:45:21,15.1718,44.3244,40.78,66,6,5.37
261,Kudahuvadhoo,MV,2021-01-11 19:45:21,2.6708,72.8944,80.98,75,83,11.39
262,Robertsport,LR,2021-01-11 19:45:21,6.7533,-11.3686,80.58,79,99,11.07
263,Coquimbo,CL,2021-01-11 19:45:09,-29.9533,-71.3436,69.8,52,0,16.11
264,Parainen,FI,2021-01-11 19:45:21,60.3067,22.301,35.01,86,75,13.8
265,Odweyne,SO,2021-01-11 19:45:21,9.4092,45.064,65.62,34,0,15.5
266,Minab,IR,2021-01-11 19:45:22,27.1467,57.0801,48.2,29,0,9.22
267,Annau,TM,2021-01-11 19:45:22,37.8876,58.516,41.0,48,0,6.91
268,San Luis,AR,2021-01-11 19:45:22,-33.295,-66.3356,77.36,38,5,22.37
269,Dalbandin,PK,2021-01-11 19:45:22,28.8947,64.4101,42.01,44,0,5.17
270,Villamontes,BO,2021-01-11 19:45:22,-21.25,-63.5,102.92,29,20,8.77
271,Iraquara,BR,2021-01-11 19:45:22,-12.2486,-41.6194,85.41,46,71,4.27
272,Laguna,US,2021-01-11 19:45:22,38.421,-121.4238,54.0,81,1,8.05
273,Tulsipur,NP,2021-01-11 19:45:23,28.131,82.2973,51.12,47,0,3.44
274,Angoche,MZ,2021-01-11 19:45:23,-16.2325,39.9086,82.27,79,5,12.1
275,Louis Trichardt,ZA,2021-01-11 19:45:23,-23.0439,29.9032,69.51,60,87,7.38
276,Mecca,SA,2021-01-11 19:45:01,21.4267,39.8261,74.03,41,0,6.49
277,Nosy Varika,MG,2021-01-11 19:45:23,-20.5833,48.5333,76.73,86,45,4.81
278,Aripuana,BR,2021-01-11 19:45:24,-9.1667,-60.6333,85.42,70,98,3.91
279,Gravdal,NO,2021-01-11 19:45:24,68.1214,13.5031,28.4,64,20,9.22
280,Kasane,BW,2021-01-11 19:45:25,-17.8167,25.15,71.78,86,100,3.58
281,Chiredzi,ZW,2021-01-11 19:45:25,-21.05,31.6667,75.11,85,39,6.33
282,Calatayud,ES,2021-01-11 19:45:25,41.3535,-1.6432,35.6,69,0,4.61
283,San Lorenzo,PY,2021-01-11 19:45:25,-25.3333,-57.5333,95.0,52,20,13.8
284,Sept-Iles,CA,2021-01-11 19:45:25,50.2001,-66.3821,23.0,68,3,5.75
285,Male,MV,2021-01-11 19:45:26,4.1748,73.5089,82.4,83,75,11.5
286,Stornoway,GB,2021-01-11 19:45:26,58.2093,-6.3865,33.8,93,75,3.44
287,Komatipoort,ZA,2021-01-11 19:45:27,-25.4332,31.9548,75.2,83,0,2.3
288,Sierpc,PL,2021-01-11 19:45:27,52.8568,19.6691,28.13,95,53,11.81
289,Calabar,NG,2021-01-11 19:45:27,4.9517,8.322,79.09,82,0,4.27
290,Parana,AR,2021-01-11 19:45:27,-31.732,-60.5238,71.6,78,90,14.97
291,Nouadhibou,MR,2021-01-11 19:45:28,20.931,-17.0347,68.0,52,100,17.27
292,Granada,ES,2021-01-11 19:45:23,37.25,-3.25,42.01,83,72,0.27
293,San Ramon,US,2021-01-11 19:40:41,37.7799,-121.978,57.99,58,1,6.91
294,Virginia Beach,US,2021-01-11 19:45:17,36.8529,-75.978,50.0,46,90,3.44
295,Saint-Augustin,CA,2021-01-11 19:45:29,51.226,-58.6502,18.55,82,33,9.08
296,Alta Floresta,BR,2021-01-11 19:45:29,-9.8756,-56.0861,87.8,58,40,6.91
297,Imbituba,BR,2021-01-11 19:45:29,-28.24,-48.6703,86.0,62,40,12.66
298,Port Shepstone,ZA,2021-01-11 19:45:30,-30.7414,30.455,72.55,85,100,4.12
299,Puerto Suarez,BO,2021-01-11 19:45:30,-18.95,-57.8,95.0,59,40,9.22
300,Uzunovo,RU,2021-01-11 19:45:31,54.5386,38.6173,1.99,94,92,4.5
301,Kilindoni,TZ,2021-01-11 19:45:31,-7.9139,39.6668,81.41,80,56,19.51
302,Bantry,IE,2021-01-11 19:45:31,51.6833,-9.45,50.0,93,90,21.85
303,Urucara,BR,2021-01-11 19:45:31,-2.5364,-57.76,87.73,70,51,1.7
304,Nuuk,GL,2021-01-11 19:40:39,64.1835,-51.7216,23.0,100,75,6.91
305,Boca Do Acre,BR,2021-01-11 19:45:31,-8.7522,-67.3978,94.48,43,29,3.2
306,Sambava,MG,2021-01-11 19:45:32,-14.2667,50.1667,78.28,84,43,4.72
307,Huarmey,PE,2021-01-11 19:45:32,-10.0681,-78.1522,75.38,69,22,11.32
308,Geraldton,AU,2021-01-11 19:45:33,-28.7667,114.6,71.6,78,47,14.97
309,Grand Gaube,MU,2021-01-11 19:45:33,-20.0064,57.6608,79.0,92,94,8.99
310,Quatre Cocos,MU,2021-01-11 19:45:34,-20.2078,57.7625,79.0,100,75,16.11
311,Turbat,PK,2021-01-11 19:45:34,26.0023,63.044,57.7,24,0,10.56
312,Lesogorsk,RU,2021-01-11 19:45:34,56.0458,99.5136,-8.77,89,100,6.91
313,Salinopolis,BR,2021-01-11 19:45:34,-0.6136,-47.3561,82.94,74,46,10.94
314,Mitsamiouli,KM,2021-01-11 19:45:35,-11.3847,43.2844,82.06,77,98,14.05
315,Itarema,BR,2021-01-11 19:45:35,-2.9248,-39.9167,82.33,67,5,13.02
316,Aswan,EG,2021-01-11 19:45:35,24.0934,32.907,67.77,50,0,12.93
317,Chor,PK,2021-01-11 19:45:36,25.5167,69.7667,57.33,30,0,7.81
318,Tel Aviv-Yafo,IL,2021-01-11 19:45:36,32.0805,34.7805,64.99,48,0,1.14
319,Mosquera,CO,2021-01-11 19:45:37,4.7059,-74.2302,68.0,49,75,9.22
320,Iralaya,HN,2021-01-11 19:45:37,15.0,-83.2333,80.55,80,100,11.16
321,Garmsar,IR,2021-01-11 19:45:37,35.2182,52.3409,39.72,65,0,3.11
322,Conde,BR,2021-01-11 19:45:37,-7.2597,-34.9075,84.2,65,20,11.5
323,The Valley,AI,2021-01-11 19:45:38,18.217,-63.0578,82.4,65,40,16.11
324,Maragogi,BR,2021-01-11 19:45:38,-9.0122,-35.2225,80.46,73,75,11.12
325,Kyshtovka,RU,2021-01-11 19:45:38,56.555,76.6271,-26.14,85,18,8.05
326,Herat,AF,2021-01-11 19:45:38,34.5,62.0,35.58,59,0,2.89
327,Brigantine,US,2021-01-11 19:45:38,39.4101,-74.3646,46.99,39,1,8.05
328,Moshny,UA,2021-01-11 19:45:39,49.5147,31.7476,27.59,94,76,0.65
329,Labytnangi,RU,2021-01-11 19:45:39,66.6572,66.4183,-5.93,77,86,4.18
330,Sovetskiy,RU,2021-01-11 19:45:39,61.3614,63.5842,-25.17,86,0,2.95
331,Lyndon,US,2021-01-11 19:45:39,38.2567,-85.6016,30.99,69,90,8.05
332,Itamaraju,BR,2021-01-11 19:45:39,-17.0392,-39.5311,82.02,67,9,9.93
333,Nicoya,CR,2021-01-11 19:45:40,10.1483,-85.452,89.6,48,75,21.85
334,Murmashi,RU,2021-01-11 19:45:40,68.8154,32.8115,-5.8,84,0,2.24
335,San Borja,BO,2021-01-11 19:45:40,-14.8167,-66.85,91.15,56,91,8.12
336,Soyo,AO,2021-01-11 19:45:40,-6.1349,12.3689,78.58,80,0,9.33
337,Sokolka,PL,2021-01-11 19:45:40,53.4072,23.5023,30.99,100,90,10.71
338,Itamaraca,BR,2021-01-11 19:45:41,-7.7478,-34.8256,80.6,65,20,9.22
339,Jiblah,YE,2021-01-11 19:45:41,13.9216,44.1467,54.82,64,1,4.54
340,Requena,ES,2021-01-11 19:45:42,39.4883,-1.1004,41.0,70,0,5.75
341,Korla,CN,2021-01-11 19:45:42,41.7597,86.1469,13.77,81,0,7.07
342,Vila Do Maio,CV,2021-01-11 19:45:42,15.1333,-23.2167,71.6,68,75,20.71
343,Ajaccio,FR,2021-01-11 19:45:42,42.0,8.9167,42.8,93,90,2.3
344,Talovyy,RU,2021-01-11 19:45:42,47.8077,40.1094,30.2,100,40,3.62
345,Panaba,MX,2021-01-11 19:45:43,21.2833,-88.2667,78.04,70,73,7.14
346,Nikki,BJ,2021-01-11 19:45:43,9.9401,3.2108,77.97,17,0,3.22
347,Zabol,AF,2021-01-11 19:45:43,32.25,67.25,31.19,70,0,2.55
348,Umm Lajj,SA,2021-01-11 19:45:44,25.0213,37.2685,78.49,31,0,12.73
349,Beyla,GN,2021-01-11 19:45:44,8.6833,-8.6333,82.31,47,94,5.57
350,Aksu,CN,2021-01-11 19:45:45,41.1231,80.2644,9.03,78,0,3.15
351,Luena,AO,2021-01-11 19:45:45,-11.7833,19.9167,62.83,93,29,2.57
352,Iqaluit,CA,2021-01-11 19:45:45,63.7506,-68.5145,6.8,72,90,3.42
353,Goderich,CA,2021-01-11 19:45:01,43.7501,-81.7165,30.2,74,100,16.11
354,Manono,CD,2021-01-11 19:45:46,-7.3,27.4167,69.33,94,77,2.53
355,Xuddur,SO,2021-01-11 19:45:46,4.1213,43.8894,75.4,33,0,13.98
356,Ust-Koksa,RU,2021-01-11 19:45:46,50.2696,85.6108,16.36,84,100,1.77
357,Revelganj,IN,2021-01-11 19:45:46,25.7833,84.6667,57.2,82,1,3.44
358,Rudbar,AF,2021-01-11 19:45:47,30.15,62.6,43.29,44,0,4.29
359,San Cristobal,VE,2021-01-11 19:42:54,7.7669,-72.225,82.4,69,75,5.75
360,Rosetta,EG,2021-01-11 19:45:48,31.4044,30.4164,66.2,77,0,5.75
361,Bazarnyye Mataki,RU,2021-01-11 19:45:48,54.8833,49.9333,-5.75,92,91,5.64
362,Columbus,US,2021-01-11 19:45:33,39.9612,-82.9988,32.0,80,90,9.22
363,Portobelo,PA,2021-01-11 19:45:48,9.55,-79.65,82.0,99,100,14.54
364,Ibra,OM,2021-01-11 19:45:48,22.6906,58.5334,50.2,62,0,3.53
365,Mandeville,JM,2021-01-11 19:45:48,18.0417,-77.5071,80.6,83,75,14.97
366,Fabiansebestyen,HU,2021-01-11 19:45:49,46.6833,20.4667,33.01,94,100,3.98
367,Augustow,PL,2021-01-11 19:45:49,53.8432,22.9798,25.97,97,79,10.09
368,Kisangani,CD,2021-01-11 19:45:50,0.5167,25.2,76.82,66,59,1.95
369,Vagur,FO,2021-01-11 19:45:50,61.4732,-6.8119,38.62,75,35,26.8
370,Yershichi,RU,2021-01-11 19:45:50,53.6725,32.7542,16.59,97,98,4.09
371,Rio Grande,BR,2021-01-11 19:43:54,-32.035,-52.0986,87.8,70,75,11.5
372,Marawi,PH,2021-01-11 19:45:51,7.9986,124.2928,75.0,95,45,4.0
373,Gunjur,GM,2021-01-11 19:45:51,13.2019,-16.7339,77.0,44,75,3.44
374,Nobres,BR,2021-01-11 19:45:51,-14.7203,-56.3275,92.44,46,14,3.58
375,Abu Samrah,SY,2021-01-11 19:45:52,35.3029,37.1841,54.91,47,100,1.77
376,Gaoua,BF,2021-01-11 19:45:52,10.2992,-3.2508,82.92,15,0,3.74
377,Mbandaka,CD,2021-01-11 19:45:52,0.0487,18.2603,79.14,61,57,2.08
378,Tall Kayf,TR,2021-01-11 19:45:53,37.0833,41.0667,46.4,57,0,4.23
379,Kaya,BF,2021-01-11 19:45:19,13.0917,-1.0844,79.11,16,0,9.24
380,Bafq,IR,2021-01-11 19:45:53,31.6128,55.4107,42.21,51,0,0.67
381,Henties Bay,NA,2021-01-11 19:45:54,-22.116,14.2845,68.0,83,99,4.0
382,Aktau,KZ,2021-01-11 19:45:54,43.65,51.2,28.4,93,40,4.47
383,Starobaltachevo,RU,2021-01-11 19:45:54,56.0013,55.9213,-4.63,90,100,14.81
384,Antofagasta,CL,2021-01-11 19:45:09,-23.65,-70.4,73.0,64,20,17.27
385,Kochi,IN,2021-01-11 19:45:54,9.9399,76.2602,78.8,73,40,4.61
386,Muscle Shoals,US,2021-01-11 19:45:55,34.7448,-87.6675,34.0,92,100,3.0
387,Ust-Tsilma,RU,2021-01-11 19:45:55,65.441,52.1498,-13.97,87,21,1.59
388,Kaduy,RU,2021-01-11 19:45:55,59.2,37.15,-9.4,84,0,4.47
389,Navahrudak,BY,2021-01-11 19:45:56,53.6,25.8333,20.61,98,76,9.82
390,Issia,CI,2021-01-11 19:45:56,6.4922,-6.5856,75.42,87,10,2.93
391,Mizan Teferi,ET,2021-01-11 19:45:57,6.9833,35.5833,64.13,60,0,3.04
392,Kemijarvi,FI,2021-01-11 19:45:57,66.7131,27.4306,6.78,93,100,9.86
393,Santiago Del Estero,AR,2021-01-11 19:41:32,-27.7951,-64.2615,105.01,38,0,1.01
394,Bellefontaine,US,2021-01-11 19:45:57,40.3612,-83.7597,28.99,80,90,8.05
395,Linhares,BR,2021-01-11 19:45:58,-19.3911,-40.0722,81.88,70,1,9.64
396,Kuruman,ZA,2021-01-11 19:45:58,-27.4524,23.4325,68.0,93,100,9.84
397,Hatillo,PR,2021-01-11 19:45:58,18.4863,-66.8254,84.0,65,40,18.41
398,Brufut,GM,2021-01-11 19:45:59,13.3814,-16.7518,77.0,44,75,3.44
399,Rawah,IQ,2021-01-11 19:45:59,34.4816,41.9093,51.98,40,0,2.53
400,Molochnoye,RU,2021-01-11 19:46:00,59.2917,39.6787,-13.05,90,89,4.83
401,Plonsk,PL,2021-01-11 19:46:00,52.6235,20.3755,30.99,86,75,10.36
402,Klaksvik,FO,2021-01-11 19:46:00,62.2266,-6.589,37.4,65,75,21.85
403,Iskateley,RU,2021-01-11 19:46:00,67.6803,53.1512,-10.46,87,62,5.23
404,Inhuma,BR,2021-01-11 19:46:00,-6.6683,-41.7078,80.22,76,99,4.16
405,Pudozh,RU,2021-01-11 19:46:00,61.8099,36.5345,-12.33,88,0,6.53
406,Kushmurun,KZ,2021-01-11 19:46:01,52.4503,64.6311,10.17,95,100,18.48
407,Sao Francisco,BR,2021-01-11 19:46:01,-15.9486,-44.8644,82.71,77,51,4.85
408,Necochea,AR,2021-01-11 19:46:02,-38.5473,-58.7368,69.01,70,100,21.21
409,Keffi,NG,2021-01-11 19:46:02,8.8486,7.8736,84.2,37,0,4.61
410,Zyryanovsk,KZ,2021-01-11 19:46:02,49.7386,84.2719,7.7,92,98,0.94
411,Zabid,YE,2021-01-11 19:46:02,14.1951,43.3152,74.52,65,14,7.67
412,Oeiras,BR,2021-01-11 19:46:03,-7.0253,-42.1311,81.77,70,100,3.69
413,Canas,CR,2021-01-11 19:46:03,10.4294,-85.0931,89.6,48,75,21.85
414,Jatai,BR,2021-01-11 19:46:03,-17.8814,-51.7144,83.39,63,63,7.78
415,Liverpool,GB,2021-01-11 19:43:50,53.4106,-2.9779,48.99,93,75,20.71
416,Barda,AZ,2021-01-11 19:46:03,40.3744,47.1267,44.6,81,90,4.61
417,Kalmunai,LK,2021-01-11 19:46:04,7.4167,81.8167,76.6,91,100,5.93
418,Gulu,UG,2021-01-11 19:46:04,2.7746,32.299,74.1,41,34,0.74
419,Los Angeles,US,2021-01-11 19:45:37,34.0522,-118.2437,71.01,19,1,0.78
420,Bilma,NE,2021-01-11 19:46:04,18.6853,12.9164,69.37,22,0,5.48
421,Mikkeli,FI,2021-01-11 19:46:04,61.6886,27.2723,16.0,90,97,1.99
422,Bama,NG,2021-01-11 19:46:05,11.5221,13.6856,71.73,22,100,9.15
423,Kattivakkam,IN,2021-01-11 19:46:05,13.2167,80.3167,78.8,89,40,6.91
424,Iracoubo,GF,2021-01-11 19:46:05,5.4802,-53.2011,79.61,82,21,14.05
425,Lagoa Vermelha,BR,2021-01-11 19:46:05,-28.2086,-51.5258,83.62,61,91,4.54
426,Nagorsk,RU,2021-01-11 19:46:05,59.3172,50.8078,-14.39,87,62,7.83
427,Eldama Ravine,KE,2021-01-11 19:46:05,0.0516,35.7308,54.99,92,84,1.66
428,Mumias,KE,2021-01-11 19:46:05,0.3351,34.4864,65.98,75,54,4.85
429,Pitimbu,BR,2021-01-11 19:46:05,-7.4706,-34.8086,84.2,65,20,11.5
430,Trenton,US,2021-01-11 19:46:06,40.217,-74.7429,39.0,60,1,3.44
431,Verkhnyaya Toyma,RU,2021-01-11 19:46:06,62.2349,44.9985,-14.98,86,14,5.08
432,Toguchin,RU,2021-01-11 19:46:06,55.2353,84.3858,-22.68,86,5,5.77
433,Amapa,BR,2021-01-11 19:46:06,1.0,-52.0,79.34,89,100,3.78
434,Bartow,US,2021-01-11 19:43:05,27.8964,-81.8431,75.99,46,40,16.11
435,Bahia Blanca,AR,2021-01-11 19:42:21,-38.7196,-62.2724,74.73,18,22,21.43
436,Zhanaozen,KZ,2021-01-11 19:46:06,43.3,52.8,29.61,97,56,4.16
437,Gerash,IR,2021-01-11 19:46:06,27.6652,54.1371,41.0,26,0,1.07
438,Bajil,YE,2021-01-11 19:46:06,15.0584,43.2851,73.76,71,25,6.91
439,Bonga,ET,2021-01-11 19:46:07,7.2833,36.2333,62.02,79,90,1.43
440,Mantua,IT,2021-01-11 19:46:07,45.1667,10.7833,33.01,88,0,1.99
441,Tessalit,ML,2021-01-11 19:46:07,20.1986,1.0114,68.94,24,0,13.35
442,Dwarka,IN,2021-01-11 19:46:07,22.2394,68.9678,69.08,43,22,13.65
443,Khorixas,NA,2021-01-11 19:46:07,-20.3667,14.9667,67.59,50,100,14.79
444,Murbad,IN,2021-01-11 19:46:07,19.25,73.4,80.6,78,0,1.05
445,Kumo,NG,2021-01-11 19:46:07,10.0447,11.2122,76.26,19,0,6.8
446,Mangotsfield,GB,2021-01-11 19:43:50,51.4878,-2.504,46.99,100,90,20.71
447,Surt,LY,2021-01-11 19:46:07,31.2089,16.5887,72.9,31,57,15.23
448,Timmins,CA,2021-01-11 19:46:08,48.4669,-81.3331,30.2,74,90,8.05
449,Santander,ES,2021-01-11 19:45:21,43.4647,-3.8044,46.0,76,75,6.91
450,Mahajanga,MG,2021-01-11 19:46:08,-15.7167,46.3167,80.6,89,20,6.91
451,Gulbarga,IN,2021-01-11 19:44:23,17.3333,76.8333,71.01,45,100,4.88
452,Inzer,RU,2021-01-11 19:46:08,54.2167,57.5556,0.28,90,100,4.23
453,Mayumba,GA,2021-01-11 19:46:08,-3.432,10.6554,78.49,86,100,10.25
454,Jizan,SA,2021-01-11 19:45:08,17.3333,42.6667,71.6,78,0,1.66
455,Kikwit,CD,2021-01-11 19:46:08,-5.041,18.8162,72.66,91,94,1.81
456,Sawakin,SD,2021-01-11 19:46:08,19.1059,37.3321,76.51,65,1,8.08
457,Gat,IL,2021-01-11 19:46:08,31.61,34.7642,64.99,55,77,5.01
458,Puerto Narino,CO,2021-01-11 19:46:09,-3.7703,-70.3831,89.6,62,40,4.61
459,Rovinj,HR,2021-01-11 19:46:09,45.08,13.64,33.8,64,0,8.05
460,Cayenne,GF,2021-01-11 19:46:09,4.9333,-52.3333,82.4,74,75,12.66
461,Opuwo,NA,2021-01-11 19:46:09,-18.0607,13.84,68.59,59,28,11.18
462,Ourem,PT,2021-01-11 19:46:09,39.6417,-8.5919,42.8,61,0,6.91
463,Brentwood,US,2021-01-11 19:42:07,40.7812,-73.2462,37.99,64,90,8.05
464,Seydi,TM,2021-01-11 19:46:09,39.4816,62.9137,35.98,73,0,9.51
465,Pauini,BR,2021-01-11 19:46:09,-7.7136,-66.9764,81.9,83,98,5.5
466,Kitgum,UG,2021-01-11 19:46:10,3.2783,32.8867,82.04,31,89,4.5
467,Malakal,SS,2021-01-11 19:46:10,9.5334,31.6605,80.01,22,0,6.73
468,Pimentel,PE,2021-01-11 19:46:10,-6.8367,-79.9342,80.6,54,0,21.85
469,Mahenge,TZ,2021-01-11 19:46:10,-8.6833,36.7167,63.86,100,100,0.65
470,Qalyub,EG,2021-01-11 19:43:19,30.1792,31.2056,68.0,52,0,12.66
471,Koronowo,PL,2021-01-11 19:46:10,53.3137,17.937,34.0,74,0,14.97
472,Coihaique,CL,2021-01-11 19:45:55,-45.5752,-72.0662,53.6,58,40,9.22
473,Talnakh,RU,2021-01-11 19:46:10,69.4865,88.3972,-16.6,87,94,5.03
474,Kodinar,IN,2021-01-11 19:46:10,20.7903,70.7031,73.15,33,7,11.23
475,Axim,GH,2021-01-11 19:46:10,4.8699,-2.2405,79.92,84,0,9.78
476,Duki,PK,2021-01-11 19:46:11,30.1541,68.5728,43.02,41,0,2.1
477,Carnarvon,AU,2021-01-11 19:46:11,-24.8667,113.6333,77.0,88,3,23.02
478,Loiza,PR,2021-01-11 19:46:11,18.4313,-65.8802,84.2,61,40,10.36
479,Demba,CD,2021-01-11 19:46:11,-5.51,22.2667,69.22,94,93,1.52
480,Siderno,IT,2021-01-11 19:46:11,38.2779,16.302,55.4,82,90,9.22
481,Den Helder,NL,2021-01-11 19:46:11,52.9599,4.7593,46.0,87,90,21.85
482,Bethlehem,BR,2021-01-11 19:43:12,-1.4558,-48.5044,80.6,89,75,9.22
483,Leh,IN,2021-01-11 19:46:12,34.1667,77.5833,2.23,37,0,0.92
484,Llandrindod Wells,GB,2021-01-11 19:46:12,52.2416,-3.3787,46.99,93,100,15.01
485,Bealanana,MG,2021-01-11 19:46:12,-14.55,48.7333,66.02,89,57,1.12
486,Nurota,UZ,2021-01-11 19:46:13,40.5614,65.6886,41.0,48,0,6.91
487,Genoa,IT,2021-01-11 19:46:13,44.4129,8.9573,37.4,65,0,16.11
488,Vad,RU,2021-01-11 19:46:13,55.5301,44.2114,-12.19,90,32,1.88
489,San Pedro,PH,2021-01-11 19:46:13,14.35,121.0167,75.99,78,75,4.61
490,Olinda,BR,2021-01-11 19:42:31,-8.0089,-34.8553,80.6,65,20,9.22
491,Eyl,SO,2021-01-11 19:46:14,7.9803,49.8164,72.07,67,54,19.51
492,Mana,GF,2021-01-11 19:46:14,5.6592,-53.7767,80.01,81,10,13.35
493,Felanitx,ES,2021-01-11 19:46:14,39.4696,3.1483,46.4,81,75,3.44
494,Ust-Kulom,RU,2021-01-11 19:46:14,61.6864,53.6902,-16.19,86,0,4.21
495,Uyuni,BO,2021-01-11 19:46:15,-20.4597,-66.825,66.67,26,74,6.78
496,Shache,CN,2021-01-11 19:46:15,38.4167,77.2406,13.53,82,0,0.98
497,Aras,ES,2021-01-11 19:46:15,42.5617,-2.356,37.0,75,0,9.22
498,Namwala,ZM,2021-01-11 19:46:16,-15.7504,26.4384,69.8,91,100,2.93
499,Paragominas,BR,2021-01-11 19:46:16,-2.9667,-47.4833,85.62,64,8,4.03
500,Abha,SA,2021-01-11 19:46:16,18.2164,42.5053,46.4,93,20,4.61
501,Laranjeiras Do Sul,BR,2021-01-11 19:42:05,-25.4078,-52.4161,79.54,79,100,4.38
502,Filadelfia,US,2021-01-11 19:43:23,39.9523,-75.1638,41.0,48,90,2.89
503,Beboto,TD,2021-01-11 19:46:16,8.2668,16.939,76.84,18,37,2.62
504,Maine-Soroa,NE,2021-01-11 19:46:16,13.2114,12.0241,71.35,21,41,7.7
505,Watsa,CD,2021-01-11 19:46:17,3.0372,29.5355,70.14,46,14,1.19
506,Grindavik,IS,2021-01-11 19:46:17,63.8424,-22.4338,26.6,68,0,8.05
507,Sheffield,GB,2021-01-11 19:41:50,53.383,-1.4659,46.0,93,100,4.0
508,Kautokeino,NO,2021-01-11 19:46:17,69.0125,23.0412,-2.16,91,93,3.67
509,Lima,PE,2021-01-11 19:44:01,-12.0432,-77.0282,73.4,73,75,10.36
510,Ilulissat,GL,2021-01-11 19:46:17,69.2167,-51.1,24.8,93,90,5.75
511,Tsiroanomandidy,MG,2021-01-11 19:46:17,-18.7667,46.0333,72.05,85,99,2.73
512,Emirdag,TR,2021-01-11 19:46:17,39.0197,31.15,53.2,71,99,8.43
513,Comodoro Rivadavia,AR,2021-01-11 19:46:02,-45.8667,-67.5,66.2,37,40,6.91
514,Jarvakandi,EE,2021-01-11 19:46:18,58.7789,24.8258,28.0,99,97,1.99
515,Salem,IN,2021-01-11 19:46:18,11.65,78.1667,70.27,93,100,0.69
516,Morant Bay,JM,2021-01-11 19:46:18,17.8815,-76.4093,84.2,74,20,23.02
517,Havoysund,NO,2021-01-11 19:46:18,70.9963,24.6622,23.0,74,40,23.02
518,Ales,FR,2021-01-11 19:46:18,44.1333,4.0833,33.01,6,0,8.01
519,Porto Belo,BR,2021-01-11 19:46:18,-27.1578,-48.5531,84.2,74,40,12.66
520,Menongue,AO,2021-01-11 19:46:18,-14.6585,17.691,64.2,88,100,2.64
521,Pedernales,DO,2021-01-11 19:46:18,18.0384,-71.744,83.39,58,100,6.04
522,Juba,SS,2021-01-11 19:46:19,4.8517,31.5825,82.15,23,0,2.24
523,Carnot,CF,2021-01-11 19:46:19,4.9409,15.8665,76.17,22,0,2.13
524,Namibe,AO,2021-01-11 19:46:19,-15.1961,12.1522,73.26,67,71,11.21
525,Severnyy,RU,2021-01-11 19:46:19,50.677,36.5532,26.6,93,75,4.47
526,Sehithwa,BW,2021-01-11 19:46:19,-20.4667,22.7167,76.95,66,1,5.55
527,La Palma,US,2021-01-11 19:46:19,33.8464,-118.0467,73.0,28,1,3.71
528,Sanski Most,BA,2021-01-11 19:46:20,44.7653,16.6656,26.76,97,93,1.05
529,Muhos,FI,2021-01-11 19:46:20,64.808,25.9931,16.0,86,90,17.27
530,Bongandanga,CD,2021-01-11 19:46:20,1.5,21.05,76.69,55,0,2.68
531,Ambilobe,MG,2021-01-11 19:46:20,-13.2,49.05,75.45,92,46,2.1
532,Jacareacanga,BR,2021-01-11 19:46:20,-6.2222,-57.7528,78.8,89,40,2.3
533,Bardsir,IR,2021-01-11 19:46:20,29.9227,56.5743,26.6,24,0,4.61
534,Uray,RU,2021-01-11 19:46:20,60.1247,64.7758,-27.4,86,9,5.91
535,Qandala,SO,2021-01-11 19:46:21,11.472,49.8728,73.53,41,0,2.98
536,Gornyy,RU,2021-01-11 19:46:21,55.1153,83.9059,-23.84,88,46,6.33
537,Faya,SA,2021-01-11 19:46:21,18.3851,42.4509,46.4,93,20,4.61
538,Xacmaz,AZ,2021-01-11 19:46:21,41.4635,48.806,41.56,87,100,8.66
539,Butembo,CD,2021-01-11 19:46:21,0.15,29.2833,59.94,95,75,1.97
540,Kardla,EE,2021-01-11 19:46:21,58.9978,22.7492,30.99,93,100,8.99
541,Viedma,AR,2021-01-11 19:46:21,-40.8135,-62.9967,66.99,28,71,8.99
542,Lukow,PL,2021-01-11 19:46:21,51.929,22.3796,30.0,50,3,10.89
543,Tombouctou,ML,2021-01-11 19:46:21,20.0,-3.0,66.58,25,0,12.12
544,Channel-Port Aux Basques,CA,2021-01-11 19:46:21,47.5702,-59.1367,29.91,94,91,17.49
545,Tubmanburg,LR,2021-01-11 19:46:22,6.8708,-10.8172,75.13,94,97,3.69
546,Plerin,FR,2021-01-11 19:46:22,48.5425,-2.7798,45.0,81,90,12.66
547,Thinadhoo,MV,2021-01-11 19:46:22,0.5333,72.9333,80.83,77,64,15.48
548,Kharan,PK,2021-01-11 19:46:22,28.5833,65.4167,41.05,50,0,1.92
549,La Plata,AR,2021-01-11 19:41:45,-34.9215,-57.9545,73.4,83,75,12.66
550,Selma,US,2021-01-11 19:46:22,36.5708,-119.6121,55.4,76,1,3.44
551,Cassilandia,BR,2021-01-11 19:46:22,-19.1133,-51.7342,91.36,43,94,2.66
552,Shush,IR,2021-01-11 19:46:22,32.1942,48.2436,55.47,39,0,5.06
553,Nieuwpoort,BE,2021-01-11 19:46:23,51.1244,2.7735,46.4,76,20,19.57
554,Nichlaul,IN,2021-01-11 19:46:23,27.3167,83.7333,52.02,64,0,3.04
555,Ubinskoye,RU,2021-01-11 19:46:23,55.3068,79.6802,-23.49,86,65,10.25
556,Baiao,BR,2021-01-11 19:46:23,-2.7906,-49.6717,85.87,65,19,3.62
557,Malanje,AO,2021-01-11 19:46:23,-9.5402,16.341,61.86,88,81,5.14
558,Cabedelo,BR,2021-01-11 19:46:23,-6.9811,-34.8339,84.2,65,20,11.5
559,Springdale,US,2021-01-11 19:46:23,36.1867,-94.1288,33.8,86,90,5.75
560,General Pico,AR,2021-01-11 19:46:23,-35.6566,-63.7568,80.51,16,0,21.07
561,London,GB,2021-01-11 19:46:09,51.5085,-0.1257,48.2,76,75,16.11
562,Micheweni,TZ,2021-01-11 19:46:24,-4.9667,39.8333,80.56,77,0,15.82
563,Aksarka,RU,2021-01-11 19:46:24,66.5606,67.7975,-12.84,78,71,3.85
564,Shahr-E Babak,IR,2021-01-11 19:46:24,30.1165,55.1186,37.09,60,0,1.21
565,Nahavand,IR,2021-01-11 19:46:24,34.1885,48.377,35.53,59,0,1.16
566,Brae,GB,2021-01-11 19:46:24,60.3964,-1.353,39.2,60,40,20.71
567,Kindu,CD,2021-01-11 19:46:24,-2.95,25.95,71.64,94,100,2.19
568,Oussouye,SN,2021-01-11 19:46:24,12.485,-16.5469,80.6,64,99,6.91
569,Sechura,PE,2021-01-11 19:46:24,-5.5569,-80.8222,81.19,55,47,15.79
570,Oksfjord,NO,2021-01-11 19:46:24,70.2396,22.3479,26.6,80,0,28.77
571,Wajir,KE,2021-01-11 19:46:25,1.7471,40.0573,85.71,30,0,9.13
572,Mahibadhoo,MV,2021-01-11 19:46:25,3.7833,72.9667,81.16,75,65,10.49
573,Laela,TZ,2021-01-11 19:46:25,-8.5667,32.05,60.39,92,100,2.68
574,Foumban,CM,2021-01-11 19:46:25,5.7291,10.9001,67.57,29,0,3.96
575,Rezh,RU,2021-01-11 19:46:25,57.37,61.4043,-17.63,87,100,9.4
576,San-Pedro,CI,2021-01-11 19:46:25,4.7485,-6.6363,78.55,86,100,7.49
577,Ancud,CL,2021-01-11 19:46:25,-41.8697,-73.8203,60.8,39,0,13.8
578,Cordoba,AR,2021-01-11 19:41:32,-31.4135,-64.1811,71.6,68,40,4.61
579,Punalur,IN,2021-01-11 19:45:20,9.0,76.9333,80.6,89,75,4.94
580,Ipora,BR,2021-01-11 19:46:26,-16.4419,-51.1178,85.46,61,49,4.16
581,Tukrah,LY,2021-01-11 19:46:26,32.5341,20.5791,70.9,41,0,24.11
582,Sombrio,BR,2021-01-11 19:46:26,-29.1139,-49.6167,81.9,78,84,14.18
583,Maceio,BR,2021-01-11 19:46:26,-9.6658,-35.7353,86.0,62,20,12.66
584,Bandipur,NP,2021-01-11 19:46:26,27.9333,84.4167,45.5,92,92,2.17
585,Sulzbach-Rosenberg,DE,2021-01-11 19:46:26,49.4983,11.7517,25.0,92,100,1.01
586,Vredendal,ZA,2021-01-11 19:46:26,-31.6683,18.5012,63.84,72,0,6.04
587,Tatarsk,RU,2021-01-11 19:46:26,55.219,75.9828,-18.78,86,90,12.33
588,Tabas,IR,2021-01-11 19:46:27,33.5959,56.9244,35.6,23,0,6.91
589,Oriximina,BR,2021-01-11 19:46:27,-1.7656,-55.8661,88.56,54,56,3.29
590,Umm Kaddadah,SD,2021-01-11 19:46:27,13.6017,26.6876,67.98,24,0,13.98
591,Bani Walid,LY,2021-01-11 19:46:27,31.7566,13.9942,62.02,67,50,10.78
592,Beyneu,KZ,2021-01-11 19:46:27,45.3167,55.2,27.46,98,100,11.5
593,Curaca,BR,2021-01-11 19:46:27,-8.9903,-39.9094,89.01,41,100,2.82
594,Saint-Paul,RE,2021-01-11 19:46:27,-21.0096,55.2707,78.8,94,75,13.8
595,Ferrandina,IT,2021-01-11 19:46:28,40.5012,16.4547,50.0,87,90,8.05
596,Balsas,BR,2021-01-11 19:46:28,-7.5325,-46.0356,87.08,57,54,3.02
597,Sundsvall,SE,2021-01-11 19:46:28,62.3913,17.3063,35.01,100,90,24.16
598,Podosinovets,RU,2021-01-11 19:46:28,60.2776,47.0659,-18.54,87,4,5.61
599,Tetouan,MA,2021-01-11 19:41:49,35.5711,-5.3724,48.2,71,20,6.91
600,Chicama,PE,2021-01-11 19:46:28,-7.8447,-79.1469,78.67,58,29,11.99
601,Imeni Babushkina,RU,2021-01-11 19:46:28,59.7573,43.1285,-17.16,88,1,5.08
602,Jasper,US,2021-01-11 19:45:04,37.2001,-94.3502,39.99,65,1,5.75
603,Burevestnik,RU,2021-01-11 19:46:28,56.144,43.7883,-0.4,85,75,1.97
604,Kunya,NG,2021-01-11 19:46:29,12.2233,8.5325,71.6,49,0,2.3
605,Abeche,TD,2021-01-11 19:46:29,13.8292,20.8324,68.27,21,0,9.26
606,Sokolo,ML,2021-01-11 19:46:29,14.7328,-6.1219,77.38,19,0,12.24
607,Murwara,IN,2021-01-11 19:46:29,23.85,80.4,57.02,61,0,2.17
608,Conceicao Do Araguaia,BR,2021-01-11 19:46:29,-8.2578,-49.2647,89.02,58,81,2.64
609,Oxford,GB,2021-01-11 19:44:42,51.7522,-1.256,46.99,87,75,17.27
610,Careiro Da Varzea,BR,2021-01-11 19:46:29,-3.2003,-59.8119,84.2,78,40,5.75
611,Bani,DO,2021-01-11 19:45:18,18.2833,-70.3333,86.0,74,75,5.75
612,Gornopravdinsk,RU,2021-01-11 19:46:30,60.05,69.9,-25.01,85,0,4.23
613,Kjopsvik,NO,2021-01-11 19:46:30,68.097,16.3742,25.0,54,0,17.27
614,Ler,SS,2021-01-11 19:46:30,8.3018,30.1418,80.38,19,73,2.95
615,Pao De Acucar,BR,2021-01-11 19:46:30,-9.7483,-37.4367,93.63,36,100,14.25
616,Bahia Honda,CU,2021-01-11 19:46:30,22.9036,-83.1592,74.91,71,100,1.92
617,Dudinka,RU,2021-01-11 19:46:30,69.4058,86.1778,-3.68,92,86,5.53
618,Baie-Comeau,CA,2021-01-11 19:46:30,49.2168,-68.1489,23.0,74,1,5.75
619,Trojes,AL,2021-01-11 19:46:30,41.756,19.962,46.4,87,0,2.3
620,Ayagoz,KZ,2021-01-11 19:46:31,47.9714,80.4392,8.85,76,0,3.49
621,Fivizzano,IT,2021-01-11 19:46:31,44.2383,10.126,37.99,46,0,5.01
622,Buckingham,GB,2021-01-11 19:46:31,51.9997,-0.9878,46.0,88,100,4.0
623,Villablino,ES,2021-01-11 19:46:31,42.9393,-6.3194,34.0,73,0,3.0
624,Mattru,SL,2021-01-11 19:46:31,7.6244,-11.8332,76.6,87,91,4.74
625,Orocue,CO,2021-01-11 19:46:31,4.7912,-71.3354,83.39,66,65,11.36
626,Kuleshovka,RU,2021-01-11 19:46:31,47.078,39.5579,30.0,10,92,5.99
627,Sosua,DO,2021-01-11 19:46:31,19.7667,-70.5167,82.4,89,40,13.8
628,Biaora,IN,2021-01-11 19:46:31,23.8667,76.9167,59.56,52,0,5.06
629,Voi,KE,2021-01-11 19:46:31,-3.3945,38.563,70.54,90,16,1.16
630,Port Said,EG,2021-01-11 19:46:32,31.2565,32.2841,68.0,83,0,11.5
631,Chapleau,CA,2021-01-11 19:46:32,47.8405,-83.4034,26.6,86,90,9.22
632,Gari,RU,2021-01-11 19:46:32,59.4307,62.3497,-26.81,86,94,6.46
633,Georgiyevskoye,RU,2021-01-11 19:46:32,58.731,45.024,-8.54,90,100,6.55
634,Tarnos,FR,2021-01-11 19:46:32,43.5417,-1.4628,35.6,80,75,3.44
635,Harunabad,PK,2021-01-11 19:46:32,29.6133,73.1389,51.98,37,0,3.33
636,Obo,CF,2021-01-11 19:46:32,5.3998,26.4869,71.08,26,24,2.24
637,Lahuachaca,BO,2021-01-11 19:46:33,-17.3667,-67.6667,60.51,41,75,6.06
638,Tonantins,BR,2021-01-11 19:46:33,-2.8731,-67.8022,83.46,78,66,4.38
639,Muscat,OM,2021-01-11 19:46:33,23.6139,58.5922,60.8,51,0,2.3
640,Kidal,ML,2021-01-11 19:46:33,18.4411,1.4078,75.13,17,0,6.6
641,Morrope,PE,2021-01-11 19:46:33,-6.5417,-80.0111,80.6,54,0,21.85
642,Saposoa,PE,2021-01-11 19:46:33,-6.934,-76.7716,91.4,55,75,3.44
643,Yakymivka,UA,2021-01-11 19:46:33,46.6897,35.1536,28.76,97,27,7.2
644,Hit,IQ,2021-01-11 19:46:33,33.6416,42.8251,54.23,37,0,4.45
645,Cuenca,EC,2021-01-11 19:45:43,-2.8833,-78.9833,68.0,49,75,10.36
646,Spring Hill,US,2021-01-11 19:46:34,28.4769,-82.5255,73.0,53,75,12.66
647,Bereda,ES,2021-01-11 19:46:34,43.2686,-7.5406,30.99,91,1,3.0
648,Mandera,KE,2021-01-11 19:46:34,3.9366,41.867,83.57,30,0,8.99
649,Narok,KE,2021-01-11 19:46:34,-1.0783,35.8601,60.15,88,100,2.66
650,Maroantsetra,MG,2021-01-11 19:46:34,-15.4333,49.7333,78.35,79,78,2.48
651,Prainha,BR,2021-01-11 19:46:34,-1.8,-53.48,90.03,47,72,5.1
652,Foz,ES,2021-01-11 19:46:34,43.5692,-7.2544,50.0,91,0,3.0
653,Katsina,NG,2021-01-11 19:46:34,12.9894,7.6006,72.99,19,0,9.17
654,Phalodi,IN,2021-01-11 19:46:34,27.1333,72.3667,50.95,39,0,3.89
655,Aasiaat,GL,2021-01-11 19:46:35,68.7098,-52.8699,17.74,95,100,6.76
656,Illapel,CL,2021-01-11 19:46:35,-31.6308,-71.1653,80.49,26,0,10.18
657,Kondopoga,RU,2021-01-11 19:46:35,62.2057,34.2614,8.6,92,100,4.47
658,Sorgun,TR,2021-01-11 19:46:35,39.8101,35.186,50.77,78,100,13.53
659,Devgarh,IN,2021-01-11 19:46:35,25.5333,73.9,54.46,39,0,4.52
660,Toktogul,KG,2021-01-11 19:46:35,41.8708,72.9402,28.56,52,0,1.99
661,Biswan,IN,2021-01-11 19:46:35,27.5,81.0,48.97,58,0,7.65
662,Bud,US,2021-01-11 19:46:36,39.447,-86.1758,28.4,74,90,9.22
663,Honningsvag,NO,2021-01-11 19:46:36,70.9821,25.9704,23.0,74,40,23.02
664,Padang,ID,2021-01-11 19:46:36,-0.9492,100.3543,75.87,87,100,7.92
665,Salamiyah,SY,2021-01-11 19:46:36,35.0113,37.0532,56.08,45,100,2.1
666,Ilebo,CD,2021-01-11 19:46:36,-4.3167,20.5833,75.02,77,53,1.39
667,Skibbereen,IE,2021-01-11 19:46:36,51.55,-9.2667,48.2,87,75,20.71
668,Teyateyaneng,LS,2021-01-11 19:46:36,-29.1472,27.7489,62.98,88,100,2.93
669,Opatija,HR,2021-01-11 19:46:36,45.3392,14.3083,37.4,44,0,8.05
670,Acarau,BR,2021-01-11 19:46:37,-2.8856,-40.12,83.01,66,4,14.52
671,Vavoua,CI,2021-01-11 19:46:37,7.3819,-6.4778,82.44,57,81,6.64
672,Tucurui,BR,2021-01-11 19:46:37,-3.7661,-49.6725,85.51,72,13,1.79
673,Harwich,GB,2021-01-11 19:45:57,51.9419,1.2844,46.0,72,100,11.99
674,Kalmar,SE,2021-01-11 19:46:37,56.6616,16.3616,39.2,93,90,17.27
675,Tuscaloosa,US,2021-01-11 19:44:02,33.2098,-87.5692,43.0,87,90,5.75
676,Santo Amaro Da Imperatriz,BR,2021-01-11 19:46:37,-27.6881,-48.7786,86.0,62,40,12.66
677,Vestmannaeyjar,IS,2021-01-11 19:46:37,63.4427,-20.2734,36.03,79,0,10.96
678,Iaciara,BR,2021-01-11 19:46:37,-14.0958,-46.6317,83.88,65,100,3.15
679,Ferkessedougou,CI,2021-01-11 19:46:38,9.6,-5.2,84.63,23,0,3.2
680,Harbour Breton,CA,2021-01-11 19:46:38,47.4833,-55.7983,33.01,88,0,15.52
681,Sal Rei,CV,2021-01-11 19:46:38,16.1833,-22.9167,69.8,60,40,19.57
682,Praia,CV,2021-01-11 19:45:18,14.9215,-23.5087,71.6,68,75,20.71
683,Wilmington,US,2021-01-11 19:41:41,34.2257,-77.9447,53.6,66,90,8.05
684,Elesbao Veloso,BR,2021-01-11 19:46:38,-6.2019,-42.1403,82.4,70,100,5.21
685,Matelica,IT,2021-01-11 19:46:38,43.2541,13.0106,35.01,76,100,4.07
686,Mahanoro,MG,2021-01-11 19:46:39,-19.9,48.8,77.18,83,47,4.88
687,Erding,DE,2021-01-11 19:46:39,48.306,11.9069,21.0,93,90,2.3
688,Newport,GB,2021-01-11 19:46:39,51.5877,-2.9984,48.0,96,100,1.99
689,Onega,RU,2021-01-11 19:46:39,63.9061,38.1404,-8.99,88,0,9.62
690,Najran,SA,2021-01-11 19:46:39,17.4924,44.1277,57.2,38,0,4.61
691,Mahon,ES,2021-01-11 19:46:39,39.8885,4.2658,44.6,70,75,8.05
692,Melo,UY,2021-01-11 19:46:39,-32.3667,-54.1833,70.48,89,100,11.03
693,Gamba,GA,2021-01-11 19:46:40,-2.65,10.0,78.15,87,100,7.76
694,Monrovia,LR,2021-01-11 19:45:40,6.3005,-10.7969,77.0,94,75,3.44
695,Lyubashivka,UA,2021-01-11 19:46:40,47.8372,30.2598,27.41,96,1,4.29
696,Shelburne,CA,2021-01-11 19:44:11,44.0787,-80.2041,32.0,89,99,14.2
697,Rameshki,RU,2021-01-11 19:46:40,57.3439,36.0453,1.56,94,92,1.81
698,Mgandu,TZ,2021-01-11 19:46:40,-5.95,34.1333,62.2,95,87,3.02
699,Mednogorskiy,RU,2021-01-11 19:46:40,43.9178,41.1825,36.48,83,100,0.96
700,Chandvad,IN,2021-01-11 19:46:41,20.3333,74.25,70.16,59,0,3.76
701,Maldonado,UY,2021-01-11 19:41:45,-34.6667,-54.9167,69.8,94,90,10.36
702,Ballina,AU,2021-01-11 19:46:41,-28.8667,153.5667,62.01,94,40,2.91
703,Baie-Saint-Paul,CA,2021-01-11 19:46:41,47.4411,-70.4986,28.0,74,35,17.27
704,Muros,ES,2021-01-11 19:46:41,42.7762,-9.0603,46.99,76,0,4.0
705,Zhezkazgan,KZ,2021-01-11 19:46:41,47.8043,67.7144,20.55,94,100,12.5
706,Nadym,RU,2021-01-11 19:46:41,65.5333,72.5167,-18.42,81,70,13.09
707,Abalak,RU,2021-01-11 19:46:41,58.1286,68.5944,-20.9,86,56,7.96
708,Karema,TZ,2021-01-11 19:46:41,-6.8205,30.4389,70.45,79,39,3.06
709,Ouro Fino,BR,2021-01-11 19:46:42,-22.2831,-46.3692,73.4,83,75,3.2
710,Darnetal,FR,2021-01-11 19:46:42,49.4453,1.1514,45.0,93,90,12.66
711,Khash,IR,2021-01-11 19:46:42,28.2211,61.2158,38.25,43,0,3.89
712,Chanderi,IN,2021-01-11 19:46:42,24.7167,78.1333,53.17,52,0,4.03
713,Matagami,CA,2021-01-11 19:46:42,49.7502,-77.6328,21.2,93,90,10.36
714,Mamlyutka,KZ,2021-01-11 19:46:42,54.9375,68.5394,-8.09,90,100,15.9
715,Yarada,IN,2021-01-11 19:46:43,17.65,83.2667,66.2,94,40,2.3
716,Cradock,ZA,2021-01-11 19:42:13,-32.1642,25.6192,71.19,71,55,5.66
717,Cap Malheureux,MU,2021-01-11 19:46:43,-19.9842,57.6142,79.0,92,94,8.99
718,Sao Jose Da Coroa Grande,BR,2021-01-11 19:46:43,-8.8978,-35.1478,80.47,73,86,10.94
719,Tumsar,IN,2021-01-11 19:44:30,21.3833,79.7333,67.26,59,99,7.27
720,Darvel,GB,2021-01-11 19:46:43,55.6098,-4.2814,46.99,93,90,10.36
721,Maarianhamina,AX,2021-01-11 19:46:43,60.0973,19.9348,35.6,93,90,28.77
722,Jawhar,SO,2021-01-11 19:46:44,2.7809,45.5005,73.02,72,0,17.45
723,Narnaul,IN,2021-01-11 19:46:44,28.0444,76.1083,52.14,44,0,7.02
724,Presidente Epitacio,BR,2021-01-11 19:46:44,-21.7633,-52.1156,92.01,48,99,5.21
725,Fuengirola,ES,2021-01-11 19:46:45,36.54,-4.6247,50.0,87,20,3.44
726,Kathmandu,NP,2021-01-11 19:46:45,27.7167,85.3167,46.4,87,20,2.3
727,Caxito,AO,2021-01-11 19:46:45,-8.5785,13.6643,77.0,78,20,6.91
728,Maracaibo,VE,2021-01-11 19:46:45,10.6317,-71.6406,85.6,57,92,8.03
729,Muravlenko,RU,2021-01-11 19:46:45,63.7898,74.523,-16.35,82,61,14.61
730,Podporozhye,RU,2021-01-11 19:46:45,60.9112,34.1706,-6.77,90,0,6.62
731,Tambacounda,SN,2021-01-11 19:46:46,13.7539,-13.7586,86.0,20,0,6.91
732,Pushkar,IN,2021-01-11 19:46:46,26.5,74.55,52.32,42,0,4.18
733,West Bay,KY,2021-01-11 19:46:47,19.3667,-81.4167,82.99,74,40,13.8
734,Dzilam Gonzalez,MX,2021-01-11 19:46:47,21.2833,-88.9333,77.45,62,69,5.35
735,Maniwaki,CA,2021-01-11 19:46:47,46.3834,-75.966,30.2,80,100,4.61
736,Demyanovo,RU,2021-01-11 19:46:47,60.3511,47.0842,-18.51,86,3,5.68
737,Joshimath,IN,2021-01-11 19:46:47,30.5667,79.5667,44.33,29,0,5.99
738,Saint Marys,US,2021-01-11 19:46:47,30.7305,-81.5465,66.99,82,90,6.91
739,Hashtrud,IR,2021-01-11 19:46:47,37.4779,47.0508,24.91,79,33,1.25
740,Bulawayo,ZW,2021-01-11 19:46:48,-20.15,28.5833,67.62,88,67,11.03
741,San Juan,AR,2021-01-11 19:46:48,-31.5375,-68.5364,84.4,25,0,25.14
742,Krasnoborsk,RU,2021-01-11 19:46:48,61.5598,45.934,-18.27,86,0,4.05
743,Berlevag,NO,2021-01-11 19:46:48,70.8578,29.0864,14.0,62,0,2.3
744,Port Blair,IN,2021-01-11 19:46:48,11.6667,92.75,78.8,80,10,10.85
745,Puerto Rondon,CO,2021-01-11 19:46:49,6.2805,-71.1,80.98,77,70,9.75
746,Ulagan,RU,2021-01-11 19:46:49,50.6321,87.9563,19.76,87,100,3.09
747,Jalingo,NG,2021-01-11 19:46:49,8.8833,11.3667,79.66,17,0,3.65
748,Mezhdurechenskiy,RU,2021-01-11 19:46:49,59.6,65.9333,-26.39,86,21,5.61
749,Bhanvad,IN,2021-01-11 19:46:49,21.9264,69.7736,63.12,39,0,9.48
750,Leshukonskoye,RU,2021-01-11 19:46:49,64.8989,45.7622,-9.53,86,52,3.71
751,Turkistan,KZ,2021-01-11 19:46:49,43.0,68.0,32.67,78,0,10.98
752,Kremze,CZ,2021-01-11 19:46:49,48.905,14.3057,21.0,86,100,4.18
753,Stromness,GB,2021-01-11 19:45:56,58.965,-3.296,37.4,75,40,13.8
754,Port-Cartier,CA,2021-01-11 19:46:50,50.0334,-66.8654,23.0,68,6,5.75
755,Kovernino,RU,2021-01-11 19:46:50,57.1253,43.8142,-3.82,92,89,3.65
756,Manavalakurichi,IN,2021-01-11 19:46:50,8.1333,77.3,80.6,89,75,8.52
757,Rovaniemi,FI,2021-01-11 19:46:50,66.5,25.7167,10.4,85,90,12.66
758,Faranah,GN,2021-01-11 19:46:50,10.0404,-10.7434,81.05,22,0,4.43
759,Santa Cruz De Tenerife,ES,2021-01-11 19:42:47,28.4682,-16.2546,60.01,82,75,12.66
760,Quebec,CA,2021-01-11 19:44:59,46.8123,-71.2145,24.01,97,100,2.3
761,Soller,ES,2021-01-11 19:46:50,39.7662,2.7152,46.4,81,75,3.44
762,Itaituba,BR,2021-01-11 19:46:51,-4.2761,-55.9836,86.0,70,40,1.23
763,Barranca,PE,2021-01-11 19:46:51,-10.75,-77.7667,74.52,70,3,11.36
764,Sorrento,IT,2021-01-11 19:46:51,40.626,14.3744,50.0,71,20,6.91
765,Mogadishu,SO,2021-01-11 19:46:51,2.0371,45.3438,76.33,75,0,24.18
766,Nova Londrina,BR,2021-01-11 19:46:51,-22.7658,-52.985,90.01,55,87,4.23
767,Odienne,CI,2021-01-11 19:46:51,9.51,-7.5692,87.62,21,99,3.06
768,Grand-Lahou,CI,2021-01-11 19:46:51,5.1367,-5.0242,79.2,86,62,8.55
769,Macae,BR,2021-01-11 19:46:32,-22.3708,-41.7869,86.0,66,20,19.57
770,Benicarlo,ES,2021-01-11 19:46:52,40.4165,0.4271,34.0,78,0,8.01
771,Guapore,BR,2021-01-11 19:46:52,-28.8456,-51.8903,100.99,48,23,1.99
772,Harkany,HU,2021-01-11 19:46:52,45.85,18.2367,30.2,93,90,3.44
773,Ipixuna,BR,2021-01-11 19:46:52,-1.7625,-48.8043,80.6,89,75,9.22
774,Kupino,RU,2021-01-11 19:46:53,54.3663,77.2981,-11.65,89,100,13.69
775,Mangai,CD,2021-01-11 19:46:53,-4.05,19.5333,72.14,90,41,1.12
776,Raga,SS,2021-01-11 19:46:53,8.4596,25.678,69.06,23,0,4.21
777,Meulaboh,ID,2021-01-11 19:46:53,4.1363,96.1285,76.39,85,83,4.59
778,Turtas,RU,2021-01-11 19:46:54,58.9417,69.1325,-23.57,86,0,5.75
779,Igarka,RU,2021-01-11 19:46:54,67.4667,86.5833,-4.38,92,99,3.47
780,Orhangazi,TR,2021-01-11 19:42:02,40.4892,29.3089,59.0,82,40,4.61
781,Macusani,PE,2021-01-11 19:46:55,-14.0833,-70.4333,49.26,60,79,11.16
